Fecha,Equipo_Local,Equipo_Visitante,Torneo,Goles_Local,Goles_Visitante,Resultado_Real,Prediccion,Prediccion_Correcta,Prob_Derrota,Prob_Empate,Prob_Victoria,Forma_Local_Pts,Forma_Visit_Pts,Dif_Forma_Pts,H2H_Victorias,H2H_Empates,H2H_Derrotas,Campo_Neutral,Tipo_Torneo,Año,Mes,Conjunto_ML,Modelo
2010-06-11,South Africa,Mexico,FIFA World Cup,1.0,1.0,Empate,Victoria,0,0.1874,0.1978,0.6148,13,9,4,0,0,0,0,World Cup,2010,6,Entrenamiento,Regresion Logistica
2010-06-11,Uruguay,France,FIFA World Cup,0.0,0.0,Empate,Victoria,0,0.2747,0.2247,0.5006,6,4,2,0,0,0,1,World Cup,2010,6,Entrenamiento,Regresion Logistica
2010-06-12,England,United States,FIFA World Cup,1.0,1.0,Empate,Victoria,0,0.3314,0.2185,0.4502,9,9,0,0,0,0,1,World Cup,2010,6,Entrenamiento,Regresion Logistica
2010-06-12,South Korea,Greece,FIFA World Cup,2.0,0.0,Victoria,Victoria,1,0.2319,0.2198,0.5483,9,1,8,0,0,0,1,World Cup,2010,6,Entrenamiento,Regresion Logistica
2010-06-12,Argentina,Nigeria,FIFA World Cup,1.0,0.0,Victoria,Victoria,1,0.2964,0.242,0.4616,15,11,4,0,0,0,1,World Cup,2010,6,Entrenamiento,Regresion Logistica
2010-06-13,Algeria,Slovenia,FIFA World Cup,0.0,1.0,Derrota,Derrota,1,0.6334,0.1908,0.1758,3,6,-3,0,0,0,1,World Cup,2010,6,Entrenamiento,Regresion Logistica
2010-06-13,Germany,Australia,FIFA World Cup,4.0,0.0,Victoria,Victoria,1,0.3027,0.2411,0.4562,9,10,-1,0,0,0,1,World Cup,2010,6,Entrenamiento,Regresion Logistica
2010-06-13,Serbia,Ghana,FIFA World Cup,0.0,1.0,Derrota,Victoria,0,0.2507,0.2176,0.5316,10,6,4,0,0,0,1,World Cup,2010,6,Entrenamiento,Regresion Logistica
2010-06-14,Italy,Paraguay,FIFA World Cup,1.0,1.0,Empate,Derrota,0,0.4471,0.2286,0.3243,2,8,-6,0,0,0,1,World Cup,2010,6,Entrenamiento,Regresion Logistica
2010-06-14,Japan,Cameroon,FIFA World Cup,1.0,0.0,Victoria,Derrota,0,0.459,0.2012,0.3398,3,3,0,0,0,0,1,World Cup,2010,6,Entrenamiento,Regresion Logistica
2010-06-14,Netherlands,Denmark,FIFA World Cup,2.0,0.0,Victoria,Victoria,1,0.225,0.2118,0.5632,12,3,9,0,0,0,1,World Cup,2010,6,Entrenamiento,Regresion Logistica
2010-06-15,Brazil,North Korea,FIFA World Cup,2.0,1.0,Victoria,Victoria,1,0.2053,0.1919,0.6028,9,2,7,0,0,0,1,World Cup,2010,6,Entrenamiento,Regresion Logistica
2010-06-15,Ivory Coast,Portugal,FIFA World Cup,0.0,0.0,Empate,Derrota,0,0.5064,0.226,0.2676,7,10,-3,0,0,0,1,World Cup,2010,6,Entrenamiento,Regresion Logistica
2010-06-15,New Zealand,Slovakia,FIFA World Cup,1.0,1.0,Empate,Derrota,0,0.4845,0.2207,0.2948,3,4,-1,0,0,0,1,World Cup,2010,6,Entrenamiento,Regresion Logistica
2010-06-16,Honduras,Chile,FIFA World Cup,0.0,1.0,Derrota,Derrota,1,0.6227,0.2106,0.1667,2,12,-10,0,0,0,1,World Cup,2010,6,Entrenamiento,Regresion Logistica
2010-06-16,South Africa,Uruguay,FIFA World Cup,0.0,3.0,Derrota,Victoria,0,0.2477,0.2254,0.5269,11,7,4,0,0,0,0,World Cup,2010,6,Entrenamiento,Regresion Logistica
2010-06-16,Spain,Switzerland,FIFA World Cup,0.0,1.0,Derrota,Victoria,0,0.1828,0.1982,0.619,12,1,11,0,0,0,1,World Cup,2010,6,Entrenamiento,Regresion Logistica
2010-06-17,France,Mexico,FIFA World Cup,0.0,2.0,Derrota,Derrota,1,0.4549,0.2161,0.329,5,7,-2,0,0,0,1,World Cup,2010,6,Entrenamiento,Regresion Logistica
2010-06-17,Greece,Nigeria,FIFA World Cup,2.0,1.0,Victoria,Derrota,0,0.5823,0.1959,0.2218,1,8,-7,0,0,0,1,World Cup,2010,6,Entrenamiento,Regresion Logistica
2010-06-17,Argentina,South Korea,FIFA World Cup,4.0,1.0,Victoria,Victoria,1,0.2473,0.2513,0.5014,15,9,6,0,0,0,1,World Cup,2010,6,Entrenamiento,Regresion Logistica
2010-06-18,England,Algeria,FIFA World Cup,0.0,0.0,Empate,Victoria,0,0.2135,0.2056,0.5809,10,3,7,0,0,0,1,World Cup,2010,6,Entrenamiento,Regresion Logistica
2010-06-18,Germany,Serbia,FIFA World Cup,0.0,1.0,Derrota,Victoria,0,0.2535,0.2215,0.525,12,7,5,0,0,0,1,World Cup,2010,6,Entrenamiento,Regresion Logistica
2010-06-18,Slovenia,United States,FIFA World Cup,2.0,2.0,Empate,Victoria,0,0.285,0.2141,0.501,9,7,2,0,0,0,1,World Cup,2010,6,Entrenamiento,Regresion Logistica
2010-06-19,Cameroon,Denmark,FIFA World Cup,1.0,2.0,Derrota,Derrota,1,0.453,0.1998,0.3472,2,3,-1,0,0,0,1,World Cup,2010,6,Entrenamiento,Regresion Logistica
2010-06-19,Ghana,Australia,FIFA World Cup,1.0,1.0,Empate,Derrota,0,0.4019,0.2299,0.3682,6,9,-3,0,0,0,1,World Cup,2010,6,Entrenamiento,Regresion Logistica
2010-06-19,Netherlands,Japan,FIFA World Cup,1.0,0.0,Victoria,Victoria,1,0.1396,0.1711,0.6893,15,3,12,0,0,0,1,World Cup,2010,6,Entrenamiento,Regresion Logistica
2010-06-20,Brazil,Ivory Coast,FIFA World Cup,3.0,1.0,Victoria,Victoria,1,0.2259,0.2099,0.5642,12,5,7,0,0,0,1,World Cup,2010,6,Entrenamiento,Regresion Logistica
2010-06-20,Italy,New Zealand,FIFA World Cup,1.0,1.0,Empate,Victoria,0,0.3526,0.2121,0.4353,3,4,-1,0,0,0,1,World Cup,2010,6,Entrenamiento,Regresion Logistica
2010-06-20,Slovakia,Paraguay,FIFA World Cup,0.0,2.0,Derrota,Derrota,1,0.3857,0.2342,0.3801,5,8,-3,0,0,0,1,World Cup,2010,6,Entrenamiento,Regresion Logistica
2010-06-21,Spain,Honduras,FIFA World Cup,2.0,0.0,Victoria,Victoria,1,0.1788,0.1944,0.6268,12,2,10,0,0,0,1,World Cup,2010,6,Entrenamiento,Regresion Logistica
2010-06-21,Chile,Switzerland,FIFA World Cup,1.0,0.0,Victoria,Victoria,1,0.2228,0.2284,0.5488,12,4,8,0,0,0,1,World Cup,2010,6,Entrenamiento,Regresion Logistica
2010-06-21,Portugal,North Korea,FIFA World Cup,7.0,0.0,Victoria,Victoria,1,0.1978,0.2045,0.5976,11,2,9,0,0,0,1,World Cup,2010,6,Entrenamiento,Regresion Logistica
2010-06-22,Greece,Argentina,FIFA World Cup,0.0,2.0,Derrota,Derrota,1,0.6897,0.1895,0.1207,4,15,-11,0,0,0,1,World Cup,2010,6,Entrenamiento,Regresion Logistica
2010-06-22,Mexico,Uruguay,FIFA World Cup,0.0,1.0,Derrota,Derrota,1,0.4202,0.238,0.3419,10,10,0,0,0,0,1,World Cup,2010,6,Entrenamiento,Regresion Logistica
2010-06-22,Nigeria,South Korea,FIFA World Cup,2.0,2.0,Empate,Victoria,0,0.3784,0.2215,0.4001,5,6,-1,0,0,0,1,World Cup,2010,6,Entrenamiento,Regresion Logistica
2010-06-22,South Africa,France,FIFA World Cup,2.0,1.0,Victoria,Victoria,1,0.2073,0.2053,0.5874,10,5,5,0,0,0,0,World Cup,2010,6,Entrenamiento,Regresion Logistica
2010-06-23,Australia,Serbia,FIFA World Cup,2.0,1.0,Victoria,Derrota,0,0.4629,0.221,0.3161,7,7,0,0,0,0,1,World Cup,2010,6,Entrenamiento,Regresion Logistica
2010-06-23,Ghana,Germany,FIFA World Cup,0.0,1.0,Derrota,Derrota,1,0.5852,0.2218,0.1931,7,12,-5,0,0,0,1,World Cup,2010,6,Entrenamiento,Regresion Logistica
2010-06-23,Slovenia,England,FIFA World Cup,0.0,1.0,Derrota,Victoria,0,0.3664,0.2482,0.3854,10,11,-1,0,0,0,1,World Cup,2010,6,Entrenamiento,Regresion Logistica
2010-06-23,United States,Algeria,FIFA World Cup,1.0,0.0,Victoria,Victoria,1,0.2989,0.2083,0.4929,8,4,4,0,0,0,1,World Cup,2010,6,Entrenamiento,Regresion Logistica
2010-06-24,Paraguay,New Zealand,FIFA World Cup,0.0,0.0,Empate,Victoria,0,0.3106,0.2158,0.4736,8,5,3,0,0,0,1,World Cup,2010,6,Entrenamiento,Regresion Logistica
2010-06-24,Slovakia,Italy,FIFA World Cup,3.0,2.0,Victoria,Victoria,1,0.3673,0.225,0.4076,5,4,1,0,0,0,1,World Cup,2010,6,Entrenamiento,Regresion Logistica
2010-06-24,Cameroon,Netherlands,FIFA World Cup,1.0,2.0,Derrota,Derrota,1,0.7199,0.1595,0.1207,1,15,-14,0,0,0,1,World Cup,2010,6,Entrenamiento,Regresion Logistica
2010-06-24,Denmark,Japan,FIFA World Cup,1.0,3.0,Derrota,Victoria,0,0.3216,0.2198,0.4586,6,3,3,0,0,0,1,World Cup,2010,6,Entrenamiento,Regresion Logistica
2010-06-25,Chile,Spain,FIFA World Cup,1.0,2.0,Derrota,Victoria,0,0.3312,0.2751,0.3937,15,12,3,0,0,0,1,World Cup,2010,6,Entrenamiento,Regresion Logistica
2010-06-25,North Korea,Ivory Coast,FIFA World Cup,0.0,3.0,Derrota,Derrota,1,0.5978,0.1717,0.2304,1,5,-4,0,0,0,1,World Cup,2010,6,Entrenamiento,Regresion Logistica
2010-06-25,Portugal,Brazil,FIFA World Cup,0.0,0.0,Empate,Derrota,0,0.3908,0.2576,0.3515,11,15,-4,0,0,0,1,World Cup,2010,6,Entrenamiento,Regresion Logistica
2010-06-25,Switzerland,Honduras,FIFA World Cup,0.0,0.0,Empate,Victoria,0,0.3365,0.2111,0.4523,4,2,2,0,0,0,1,World Cup,2010,6,Entrenamiento,Regresion Logistica
2010-06-26,Uruguay,South Korea,FIFA World Cup,2.0,1.0,Victoria,Victoria,1,0.1902,0.2014,0.6084,13,4,9,0,0,0,1,World Cup,2010,6,Entrenamiento,Regresion Logistica
2010-06-26,United States,Ghana,FIFA World Cup,1.0,2.0,Derrota,Victoria,0,0.2775,0.2336,0.4889,11,7,4,0,0,0,1,World Cup,2010,6,Entrenamiento,Regresion Logistica
2010-06-27,Argentina,Mexico,FIFA World Cup,3.0,1.0,Victoria,Victoria,1,0.255,0.2352,0.5098,15,10,5,0,0,0,1,World Cup,2010,6,Entrenamiento,Regresion Logistica
2010-06-27,Germany,England,FIFA World Cup,4.0,1.0,Victoria,Victoria,1,0.3008,0.2587,0.4405,12,11,1,0,0,0,1,World Cup,2010,6,Entrenamiento,Regresion Logistica
2010-06-28,Brazil,Chile,FIFA World Cup,3.0,0.0,Victoria,Victoria,1,0.3118,0.2614,0.4268,13,12,1,0,0,0,1,World Cup,2010,6,Entrenamiento,Regresion Logistica
2010-06-28,Netherlands,Slovakia,FIFA World Cup,2.0,1.0,Victoria,Victoria,1,0.2316,0.2183,0.5501,15,8,7,0,0,0,1,World Cup,2010,6,Entrenamiento,Regresion Logistica
2010-06-29,Paraguay,Japan,FIFA World Cup,0.0,0.0,Empate,Victoria,0,0.292,0.2329,0.4751,9,6,3,0,0,0,1,World Cup,2010,6,Entrenamiento,Regresion Logistica
2010-06-29,Spain,Portugal,FIFA World Cup,1.0,0.0,Victoria,Derrota,0,0.4,0.2594,0.3406,12,11,1,0,0,0,1,World Cup,2010,6,Entrenamiento,Regresion Logistica
2010-07-02,Netherlands,Brazil,FIFA World Cup,2.0,1.0,Victoria,Victoria,1,0.3588,0.2659,0.3753,15,13,2,0,0,0,1,World Cup,2010,7,Entrenamiento,Regresion Logistica
2010-07-02,Uruguay,Ghana,FIFA World Cup,1.0,1.0,Empate,Victoria,0,0.2615,0.2628,0.4757,13,10,3,0,0,0,1,World Cup,2010,7,Entrenamiento,Regresion Logistica
2010-07-03,Paraguay,Spain,FIFA World Cup,0.0,1.0,Derrota,Derrota,1,0.4213,0.2677,0.311,9,12,-3,0,0,0,1,World Cup,2010,7,Entrenamiento,Regresion Logistica
2010-07-03,Argentina,Germany,FIFA World Cup,0.0,4.0,Derrota,Victoria,0,0.2516,0.2547,0.4937,15,12,3,1,0,0,1,World Cup,2010,7,Entrenamiento,Regresion Logistica
2010-07-06,Uruguay,Netherlands,FIFA World Cup,2.0,3.0,Derrota,Derrota,1,0.3646,0.2796,0.3557,11,15,-4,0,0,0,1,World Cup,2010,7,Entrenamiento,Regresion Logistica
2010-07-07,Germany,Spain,FIFA World Cup,0.0,1.0,Derrota,Victoria,0,0.2866,0.2531,0.4603,12,12,0,0,0,0,1,World Cup,2010,7,Entrenamiento,Regresion Logistica
2010-07-10,Uruguay,Germany,FIFA World Cup,2.0,3.0,Derrota,Derrota,1,0.3978,0.2474,0.3549,10,9,1,0,0,0,1,World Cup,2010,7,Entrenamiento,Regresion Logistica
2010-07-11,Netherlands,Spain,FIFA World Cup,0.0,1.0,Derrota,Derrota,1,0.3611,0.2853,0.3536,15,15,0,0,0,0,1,World Cup,2010,7,Entrenamiento,Regresion Logistica
2014-06-12,Brazil,Croatia,FIFA World Cup,3.0,1.0,Victoria,Victoria,1,0.1664,0.2025,0.6311,15,11,4,0,0,0,0,World Cup,2014,6,Entrenamiento,Regresion Logistica
2014-06-13,Chile,Australia,FIFA World Cup,3.0,1.0,Victoria,Victoria,1,0.3558,0.2214,0.4228,9,7,2,0,0,0,1,World Cup,2014,6,Entrenamiento,Regresion Logistica
2014-06-13,Mexico,Cameroon,FIFA World Cup,1.0,0.0,Victoria,Victoria,1,0.2959,0.2002,0.504,9,7,2,0,0,0,1,World Cup,2014,6,Entrenamiento,Regresion Logistica
2014-06-13,Spain,Netherlands,FIFA World Cup,1.0,5.0,Derrota,Victoria,0,0.2195,0.2512,0.5292,12,8,4,1,0,0,1,World Cup,2014,6,Entrenamiento,Regresion Logistica
2014-06-14,Colombia,Greece,FIFA World Cup,3.0,0.0,Victoria,Victoria,1,0.2985,0.2304,0.4711,9,6,3,0,0,0,1,World Cup,2014,6,Entrenamiento,Regresion Logistica
2014-06-14,England,Italy,FIFA World Cup,1.0,2.0,Derrota,Victoria,0,0.2423,0.2454,0.5123,8,4,4,1,1,0,1,World Cup,2014,6,Entrenamiento,Regresion Logistica
2014-06-14,Ivory Coast,Japan,FIFA World Cup,2.0,1.0,Victoria,Derrota,0,0.4345,0.2216,0.344,8,15,-7,1,0,0,1,World Cup,2014,6,Entrenamiento,Regresion Logistica
2014-06-14,Uruguay,Costa Rica,FIFA World Cup,1.0,3.0,Derrota,Victoria,0,0.1541,0.1763,0.6697,11,1,10,0,0,0,1,World Cup,2014,6,Entrenamiento,Regresion Logistica
2014-06-15,Argentina,Bosnia and Herzegovina,FIFA World Cup,2.0,1.0,Victoria,Victoria,1,0.1944,0.2413,0.5643,11,9,2,1,0,0,1,World Cup,2014,6,Entrenamiento,Regresion Logistica
2014-06-15,France,Honduras,FIFA World Cup,3.0,0.0,Victoria,Victoria,1,0.1182,0.1348,0.7471,13,3,10,0,0,0,1,World Cup,2014,6,Entrenamiento,Regresion Logistica
2014-06-15,Switzerland,Ecuador,FIFA World Cup,2.0,1.0,Victoria,Victoria,1,0.3124,0.2064,0.4812,10,6,4,0,0,0,1,World Cup,2014,6,Entrenamiento,Regresion Logistica
2014-06-16,Germany,Portugal,FIFA World Cup,4.0,0.0,Victoria,Victoria,1,0.3591,0.2475,0.3935,11,13,-2,1,0,0,1,World Cup,2014,6,Entrenamiento,Regresion Logistica
2014-06-16,Ghana,United States,FIFA World Cup,1.0,2.0,Derrota,Victoria,0,0.316,0.2292,0.4548,6,9,-3,1,0,0,1,World Cup,2014,6,Entrenamiento,Regresion Logistica
2014-06-16,Iran,Nigeria,FIFA World Cup,0.0,0.0,Empate,Victoria,0,0.3719,0.219,0.4091,6,6,0,0,0,0,1,World Cup,2014,6,Entrenamiento,Regresion Logistica
2014-06-17,Belgium,Algeria,FIFA World Cup,2.0,1.0,Victoria,Derrota,0,0.4157,0.2257,0.3586,10,12,-2,0,0,0,1,World Cup,2014,6,Entrenamiento,Regresion Logistica
2014-06-17,Brazil,Mexico,FIFA World Cup,0.0,0.0,Empate,Victoria,0,0.1335,0.2087,0.6578,15,9,6,2,0,1,0,World Cup,2014,6,Entrenamiento,Regresion Logistica
2014-06-17,Russia,South Korea,FIFA World Cup,1.0,1.0,Empate,Victoria,0,0.1155,0.1687,0.7158,13,3,10,1,0,0,1,World Cup,2014,6,Entrenamiento,Regresion Logistica
2014-06-18,Australia,Netherlands,FIFA World Cup,2.0,3.0,Derrota,Derrota,1,0.5743,0.1941,0.2316,4,10,-6,0,0,0,1,World Cup,2014,6,Entrenamiento,Regresion Logistica
2014-06-18,Cameroon,Croatia,FIFA World Cup,0.0,4.0,Derrota,Derrota,1,0.4267,0.2265,0.3468,7,10,-3,0,0,0,1,World Cup,2014,6,Entrenamiento,Regresion Logistica
2014-06-18,Spain,Chile,FIFA World Cup,0.0,2.0,Derrota,Victoria,0,0.3008,0.2766,0.4227,9,9,0,2,1,0,1,World Cup,2014,6,Entrenamiento,Regresion Logistica
2014-06-19,Colombia,Ivory Coast,FIFA World Cup,2.0,1.0,Victoria,Victoria,1,0.3277,0.2177,0.4547,9,8,1,0,0,0,1,World Cup,2014,6,Entrenamiento,Regresion Logistica
2014-06-19,Japan,Greece,FIFA World Cup,0.0,0.0,Empate,Victoria,0,0.2723,0.204,0.5237,12,5,7,0,0,0,1,World Cup,2014,6,Entrenamiento,Regresion Logistica
2014-06-19,Uruguay,England,FIFA World Cup,2.0,1.0,Victoria,Derrota,0,0.3961,0.2419,0.362,8,8,0,0,0,0,1,World Cup,2014,6,Entrenamiento,Regresion Logistica
2014-06-20,Honduras,Ecuador,FIFA World Cup,1.0,2.0,Derrota,Derrota,1,0.6228,0.1895,0.1877,2,5,-3,0,2,1,1,World Cup,2014,6,Entrenamiento,Regresion Logistica
2014-06-20,Italy,Costa Rica,FIFA World Cup,0.0,1.0,Derrota,Victoria,0,0.3247,0.2003,0.475,6,4,2,0,0,0,1,World Cup,2014,6,Entrenamiento,Regresion Logistica
2014-06-20,Switzerland,France,FIFA World Cup,2.0,5.0,Derrota,Derrota,1,0.5848,0.222,0.1933,10,13,-3,0,0,0,1,World Cup,2014,6,Entrenamiento,Regresion Logistica
2014-06-21,Argentina,Iran,FIFA World Cup,1.0,0.0,Victoria,Victoria,1,0.2677,0.2568,0.4755,13,7,6,0,0,0,1,World Cup,2014,6,Entrenamiento,Regresion Logistica
2014-06-21,Germany,Ghana,FIFA World Cup,2.0,2.0,Empate,Victoria,0,0.2154,0.2132,0.5713,11,6,5,1,0,0,1,World Cup,2014,6,Entrenamiento,Regresion Logistica
2014-06-21,Nigeria,Bosnia and Herzegovina,FIFA World Cup,1.0,0.0,Victoria,Victoria,1,0.3507,0.2196,0.4296,6,6,0,0,0,0,1,World Cup,2014,6,Entrenamiento,Regresion Logistica
2014-06-22,Belgium,Russia,FIFA World Cup,1.0,0.0,Victoria,Victoria,1,0.2721,0.2488,0.4791,13,11,2,1,0,0,1,World Cup,2014,6,Entrenamiento,Regresion Logistica
2014-06-22,South Korea,Algeria,FIFA World Cup,2.0,4.0,Derrota,Derrota,1,0.5656,0.2152,0.2192,4,12,-8,0,0,0,1,World Cup,2014,6,Entrenamiento,Regresion Logistica
2014-06-22,United States,Portugal,FIFA World Cup,2.0,2.0,Empate,Derrota,0,0.3923,0.2347,0.3731,12,10,2,0,0,0,1,World Cup,2014,6,Entrenamiento,Regresion Logistica
2014-06-23,Australia,Spain,FIFA World Cup,0.0,3.0,Derrota,Derrota,1,0.5646,0.1712,0.2642,1,9,-8,0,0,0,1,World Cup,2014,6,Entrenamiento,Regresion Logistica
2014-06-23,Brazil,Cameroon,FIFA World Cup,4.0,1.0,Victoria,Victoria,1,0.1131,0.1518,0.735,13,4,9,0,0,0,0,World Cup,2014,6,Entrenamiento,Regresion Logistica
2014-06-23,Croatia,Mexico,FIFA World Cup,1.0,3.0,Derrota,Victoria,0,0.3542,0.2283,0.4176,10,7,3,0,0,0,1,World Cup,2014,6,Entrenamiento,Regresion Logistica
2014-06-23,Netherlands,Chile,FIFA World Cup,2.0,0.0,Victoria,Victoria,1,0.3469,0.2371,0.416,13,9,4,0,0,0,1,World Cup,2014,6,Entrenamiento,Regresion Logistica
2014-06-24,Italy,Uruguay,FIFA World Cup,0.0,1.0,Derrota,Derrota,1,0.4855,0.2541,0.2604,5,10,-5,0,1,1,1,World Cup,2014,6,Entrenamiento,Regresion Logistica
2014-06-24,Greece,Ivory Coast,FIFA World Cup,2.0,1.0,Victoria,Derrota,0,0.4136,0.2217,0.3647,6,7,-1,0,0,0,1,World Cup,2014,6,Entrenamiento,Regresion Logistica
2014-06-24,Japan,Colombia,FIFA World Cup,1.0,4.0,Derrota,Derrota,1,0.4597,0.2311,0.3093,10,11,-1,0,0,0,1,World Cup,2014,6,Entrenamiento,Regresion Logistica
2014-06-24,Costa Rica,England,FIFA World Cup,0.0,0.0,Empate,Derrota,0,0.4162,0.2135,0.3703,7,5,2,0,0,0,1,World Cup,2014,6,Entrenamiento,Regresion Logistica
2014-06-25,Bosnia and Herzegovina,Iran,FIFA World Cup,3.0,1.0,Victoria,Derrota,0,0.4389,0.2336,0.3276,6,6,0,0,0,0,1,World Cup,2014,6,Entrenamiento,Regresion Logistica
2014-06-25,Ecuador,France,FIFA World Cup,0.0,0.0,Empate,Derrota,0,0.7281,0.1558,0.1161,5,13,-8,0,0,0,1,World Cup,2014,6,Entrenamiento,Regresion Logistica
2014-06-25,Honduras,Switzerland,FIFA World Cup,0.0,3.0,Derrota,Derrota,1,0.5704,0.1929,0.2366,2,10,-8,0,1,0,1,World Cup,2014,6,Entrenamiento,Regresion Logistica
2014-06-25,Nigeria,Argentina,FIFA World Cup,2.0,3.0,Derrota,Derrota,1,0.5113,0.2751,0.2136,6,13,-7,1,0,2,1,World Cup,2014,6,Entrenamiento,Regresion Logistica
2014-06-26,Algeria,Russia,FIFA World Cup,1.0,1.0,Empate,Victoria,0,0.3411,0.2282,0.4307,12,8,4,0,0,0,1,World Cup,2014,6,Entrenamiento,Regresion Logistica
2014-06-26,South Korea,Belgium,FIFA World Cup,0.0,1.0,Derrota,Derrota,1,0.6416,0.1977,0.1608,4,15,-11,0,0,0,1,World Cup,2014,6,Entrenamiento,Regresion Logistica
2014-06-26,Portugal,Ghana,FIFA World Cup,2.0,1.0,Victoria,Victoria,1,0.395,0.2081,0.3969,8,4,4,0,0,0,1,World Cup,2014,6,Entrenamiento,Regresion Logistica
2014-06-26,United States,Germany,FIFA World Cup,0.0,1.0,Derrota,Derrota,1,0.4224,0.2314,0.3462,10,9,1,1,0,0,1,World Cup,2014,6,Entrenamiento,Regresion Logistica
2014-06-28,Brazil,Chile,FIFA World Cup,1.0,1.0,Empate,Victoria,0,0.126,0.2171,0.6568,13,9,4,2,1,0,0,World Cup,2014,6,Entrenamiento,Regresion Logistica
2014-06-28,Colombia,Uruguay,FIFA World Cup,2.0,0.0,Victoria,Victoria,1,0.2817,0.2475,0.4707,13,12,1,1,0,1,1,World Cup,2014,6,Entrenamiento,Regresion Logistica
2014-06-29,Netherlands,Mexico,FIFA World Cup,2.0,1.0,Victoria,Victoria,1,0.1781,0.2243,0.5976,15,7,8,1,0,0,1,World Cup,2014,6,Entrenamiento,Regresion Logistica
2014-06-29,Costa Rica,Greece,FIFA World Cup,1.0,1.0,Empate,Victoria,0,0.3643,0.233,0.4027,8,8,0,0,0,0,1,World Cup,2014,6,Entrenamiento,Regresion Logistica
2014-06-30,France,Nigeria,FIFA World Cup,2.0,0.0,Victoria,Victoria,1,0.2127,0.1866,0.6007,11,5,6,0,0,0,1,World Cup,2014,6,Entrenamiento,Regresion Logistica
2014-06-30,Germany,Algeria,FIFA World Cup,2.0,1.0,Victoria,Victoria,1,0.3406,0.2096,0.4498,11,10,1,0,0,0,1,World Cup,2014,6,Entrenamiento,Regresion Logistica
2014-07-01,Argentina,Switzerland,FIFA World Cup,1.0,0.0,Victoria,Victoria,1,0.2457,0.24,0.5143,15,12,3,1,0,0,1,World Cup,2014,7,Entrenamiento,Regresion Logistica
2014-07-01,Belgium,United States,FIFA World Cup,2.0,1.0,Victoria,Victoria,1,0.1632,0.2384,0.5984,15,10,5,2,0,0,1,World Cup,2014,7,Entrenamiento,Regresion Logistica
2014-07-04,Brazil,Colombia,FIFA World Cup,2.0,1.0,Victoria,Derrota,0,0.3823,0.2726,0.3451,11,15,-4,0,1,0,0,World Cup,2014,7,Entrenamiento,Regresion Logistica
2014-07-04,France,Germany,FIFA World Cup,0.0,1.0,Derrota,Victoria,0,0.3252,0.2435,0.4313,13,13,0,1,0,1,1,World Cup,2014,7,Entrenamiento,Regresion Logistica
2014-07-05,Argentina,Belgium,FIFA World Cup,1.0,0.0,Victoria,Victoria,1,0.3425,0.2851,0.3724,15,15,0,0,0,0,1,World Cup,2014,7,Entrenamiento,Regresion Logistica
2014-07-05,Netherlands,Costa Rica,FIFA World Cup,0.0,0.0,Empate,Victoria,0,0.2723,0.2402,0.4875,15,9,6,0,0,0,1,World Cup,2014,7,Entrenamiento,Regresion Logistica
2014-07-08,Brazil,Germany,FIFA World Cup,1.0,7.0,Derrota,Derrota,1,0.3786,0.2486,0.3728,11,13,-2,0,0,1,0,World Cup,2014,7,Entrenamiento,Regresion Logistica
2014-07-09,Netherlands,Argentina,FIFA World Cup,0.0,0.0,Empate,Victoria,0,0.3448,0.2616,0.3936,13,15,-2,0,0,0,1,World Cup,2014,7,Entrenamiento,Regresion Logistica
2014-07-12,Brazil,Netherlands,FIFA World Cup,0.0,3.0,Derrota,Derrota,1,0.4742,0.2416,0.2842,8,11,-3,0,1,1,0,World Cup,2014,7,Entrenamiento,Regresion Logistica
2014-07-13,Germany,Argentina,FIFA World Cup,1.0,0.0,Victoria,Victoria,1,0.3454,0.29,0.3646,13,13,0,1,0,2,1,World Cup,2014,7,Entrenamiento,Regresion Logistica
2018-06-14,Russia,Saudi Arabia,FIFA World Cup,5.0,0.0,Victoria,Derrota,0,0.4451,0.1723,0.3826,2,6,-4,0,0,0,0,World Cup,2018,6,Entrenamiento,Regresion Logistica
2018-06-15,Egypt,Uruguay,FIFA World Cup,0.0,1.0,Derrota,Derrota,1,0.5897,0.1969,0.2134,2,10,-8,0,0,0,1,World Cup,2018,6,Entrenamiento,Regresion Logistica
2018-06-15,Morocco,Iran,FIFA World Cup,0.0,1.0,Derrota,Victoria,0,0.2936,0.2394,0.467,13,9,4,0,0,0,1,World Cup,2018,6,Entrenamiento,Regresion Logistica
2018-06-15,Portugal,Spain,FIFA World Cup,3.0,3.0,Empate,Derrota,0,0.4473,0.2434,0.3093,8,9,-1,1,1,1,1,World Cup,2018,6,Entrenamiento,Regresion Logistica
2018-06-16,Argentina,Iceland,FIFA World Cup,1.0,1.0,Empate,Victoria,0,0.395,0.1697,0.4353,9,4,5,0,0,0,1,World Cup,2018,6,Entrenamiento,Regresion Logistica
2018-06-16,France,Australia,FIFA World Cup,2.0,1.0,Victoria,Victoria,1,0.3314,0.2189,0.4496,10,10,0,1,0,0,1,World Cup,2018,6,Entrenamiento,Regresion Logistica
2018-06-16,Croatia,Nigeria,FIFA World Cup,2.0,0.0,Victoria,Victoria,1,0.37,0.2149,0.4152,7,4,3,0,0,0,1,World Cup,2018,6,Entrenamiento,Regresion Logistica
2018-06-16,Peru,Denmark,FIFA World Cup,0.0,1.0,Derrota,Victoria,0,0.2592,0.2495,0.4913,13,8,5,0,0,0,1,World Cup,2018,6,Entrenamiento,Regresion Logistica
2018-06-17,Costa Rica,Serbia,FIFA World Cup,0.0,1.0,Derrota,Derrota,1,0.5141,0.1978,0.2882,6,7,-1,0,0,0,1,World Cup,2018,6,Entrenamiento,Regresion Logistica
2018-06-17,Germany,Mexico,FIFA World Cup,0.0,1.0,Derrota,Victoria,0,0.3785,0.2208,0.4008,5,7,-2,1,0,0,1,World Cup,2018,6,Entrenamiento,Regresion Logistica
2018-06-17,Brazil,Switzerland,FIFA World Cup,1.0,1.0,Empate,Derrota,0,0.4137,0.2648,0.3214,13,11,2,0,0,1,1,World Cup,2018,6,Entrenamiento,Regresion Logistica
2018-06-18,Sweden,South Korea,FIFA World Cup,1.0,0.0,Victoria,Victoria,1,0.3498,0.2058,0.4445,5,4,1,0,0,0,1,World Cup,2018,6,Entrenamiento,Regresion Logistica
2018-06-18,Belgium,Panama,FIFA World Cup,3.0,0.0,Victoria,Victoria,1,0.1557,0.1754,0.669,13,4,9,0,0,0,1,World Cup,2018,6,Entrenamiento,Regresion Logistica
2018-06-18,Tunisia,England,FIFA World Cup,1.0,2.0,Derrota,Derrota,1,0.435,0.2419,0.3231,8,11,-3,0,0,0,1,World Cup,2018,6,Entrenamiento,Regresion Logistica
2018-06-19,Colombia,Japan,FIFA World Cup,1.0,2.0,Derrota,Victoria,0,0.2354,0.1877,0.5769,8,4,4,1,0,0,1,World Cup,2018,6,Entrenamiento,Regresion Logistica
2018-06-19,Poland,Senegal,FIFA World Cup,1.0,2.0,Derrota,Victoria,0,0.3863,0.2101,0.4036,7,6,1,0,0,0,1,World Cup,2018,6,Entrenamiento,Regresion Logistica
2018-06-19,Russia,Egypt,FIFA World Cup,3.0,1.0,Victoria,Victoria,1,0.2809,0.1747,0.5444,4,2,2,0,0,0,0,World Cup,2018,6,Entrenamiento,Regresion Logistica
2018-06-20,Portugal,Morocco,FIFA World Cup,1.0,0.0,Victoria,Derrota,0,0.4992,0.2074,0.2934,6,10,-4,0,0,0,1,World Cup,2018,6,Entrenamiento,Regresion Logistica
2018-06-20,Uruguay,Saudi Arabia,FIFA World Cup,1.0,0.0,Victoria,Victoria,1,0.173,0.1903,0.6366,12,3,9,0,1,0,1,World Cup,2018,6,Entrenamiento,Regresion Logistica
2018-06-20,Iran,Spain,FIFA World Cup,0.0,1.0,Derrota,Derrota,1,0.4061,0.2292,0.3646,12,9,3,0,0,0,1,World Cup,2018,6,Entrenamiento,Regresion Logistica
2018-06-21,Argentina,Croatia,FIFA World Cup,0.0,3.0,Derrota,Derrota,1,0.3995,0.2069,0.3936,7,9,-2,1,0,0,1,World Cup,2018,6,Entrenamiento,Regresion Logistica
2018-06-21,Denmark,Australia,FIFA World Cup,1.0,1.0,Empate,Victoria,0,0.283,0.2551,0.462,11,7,4,1,0,1,1,World Cup,2018,6,Entrenamiento,Regresion Logistica
2018-06-21,France,Peru,FIFA World Cup,1.0,0.0,Victoria,Victoria,1,0.3697,0.2384,0.3919,13,10,3,0,0,0,1,World Cup,2018,6,Entrenamiento,Regresion Logistica
2018-06-22,Brazil,Costa Rica,FIFA World Cup,2.0,0.0,Victoria,Victoria,1,0.1051,0.1694,0.7255,13,3,10,2,0,0,1,World Cup,2018,6,Entrenamiento,Regresion Logistica
2018-06-22,Nigeria,Iceland,FIFA World Cup,2.0,0.0,Victoria,Derrota,0,0.4398,0.1695,0.3907,1,2,-1,0,0,0,1,World Cup,2018,6,Entrenamiento,Regresion Logistica
2018-06-22,Serbia,Switzerland,FIFA World Cup,1.0,2.0,Derrota,Derrota,1,0.4613,0.2257,0.313,9,11,-2,0,0,0,1,World Cup,2018,6,Entrenamiento,Regresion Logistica
2018-06-23,Belgium,Tunisia,FIFA World Cup,5.0,2.0,Victoria,Victoria,1,0.1517,0.1744,0.6739,13,5,8,1,0,0,1,World Cup,2018,6,Entrenamiento,Regresion Logistica
2018-06-23,South Korea,Mexico,FIFA World Cup,1.0,2.0,Derrota,Derrota,1,0.4894,0.227,0.2836,4,7,-3,0,0,1,1,World Cup,2018,6,Entrenamiento,Regresion Logistica
2018-06-23,Germany,Sweden,FIFA World Cup,2.0,1.0,Victoria,Victoria,1,0.3354,0.264,0.4006,4,5,-1,1,2,0,1,World Cup,2018,6,Entrenamiento,Regresion Logistica
2018-06-24,England,Panama,FIFA World Cup,6.0,1.0,Victoria,Victoria,1,0.1824,0.1855,0.632,13,4,9,0,0,0,1,World Cup,2018,6,Entrenamiento,Regresion Logistica
2018-06-24,Japan,Senegal,FIFA World Cup,2.0,2.0,Empate,Derrota,0,0.4967,0.2036,0.2997,6,8,-2,0,0,0,1,World Cup,2018,6,Entrenamiento,Regresion Logistica
2018-06-24,Poland,Colombia,FIFA World Cup,0.0,3.0,Derrota,Derrota,1,0.4498,0.2058,0.3444,7,8,-1,0,0,0,1,World Cup,2018,6,Entrenamiento,Regresion Logistica
2018-06-25,Russia,Uruguay,FIFA World Cup,0.0,3.0,Derrota,Derrota,1,0.4007,0.2465,0.3528,7,15,-8,0,1,0,0,World Cup,2018,6,Entrenamiento,Regresion Logistica
2018-06-25,Saudi Arabia,Egypt,FIFA World Cup,2.0,1.0,Victoria,Derrota,0,0.5372,0.1681,0.2947,0,2,-2,0,0,0,1,World Cup,2018,6,Entrenamiento,Regresion Logistica
2018-06-25,Spain,Morocco,FIFA World Cup,2.0,2.0,Empate,Victoria,0,0.3093,0.2138,0.477,11,7,4,0,0,0,1,World Cup,2018,6,Entrenamiento,Regresion Logistica
2018-06-25,Iran,Portugal,FIFA World Cup,1.0,1.0,Empate,Derrota,0,0.4184,0.2322,0.3494,9,9,0,0,0,0,1,World Cup,2018,6,Entrenamiento,Regresion Logistica
2018-06-26,Australia,Peru,FIFA World Cup,0.0,2.0,Derrota,Derrota,1,0.3934,0.2241,0.3825,8,7,1,0,0,0,1,World Cup,2018,6,Entrenamiento,Regresion Logistica
2018-06-26,Denmark,France,FIFA World Cup,0.0,0.0,Empate,Derrota,0,0.5195,0.2623,0.2182,9,13,-4,0,0,2,1,World Cup,2018,6,Entrenamiento,Regresion Logistica
2018-06-26,Nigeria,Argentina,FIFA World Cup,1.0,2.0,Derrota,Derrota,1,0.4296,0.2381,0.3323,4,7,-3,2,0,3,1,World Cup,2018,6,Entrenamiento,Regresion Logistica
2018-06-26,Iceland,Croatia,FIFA World Cup,1.0,2.0,Derrota,Derrota,1,0.636,0.2119,0.1521,2,12,-10,1,1,2,1,World Cup,2018,6,Entrenamiento,Regresion Logistica
2018-06-27,South Korea,Germany,FIFA World Cup,2.0,0.0,Victoria,Derrota,0,0.5148,0.1923,0.2929,1,6,-5,0,0,0,1,World Cup,2018,6,Entrenamiento,Regresion Logistica
2018-06-27,Mexico,Sweden,FIFA World Cup,0.0,3.0,Derrota,Victoria,0,0.3195,0.2386,0.4419,10,5,5,0,0,0,1,World Cup,2018,6,Entrenamiento,Regresion Logistica
2018-06-27,Serbia,Brazil,FIFA World Cup,0.0,2.0,Derrota,Derrota,1,0.4988,0.2469,0.2543,9,13,-4,0,0,1,1,World Cup,2018,6,Entrenamiento,Regresion Logistica
2018-06-27,Switzerland,Costa Rica,FIFA World Cup,2.0,2.0,Empate,Victoria,0,0.2427,0.1954,0.5619,11,3,8,0,0,1,1,World Cup,2018,6,Entrenamiento,Regresion Logistica
2018-06-28,Japan,Poland,FIFA World Cup,0.0,1.0,Derrota,Derrota,1,0.472,0.1819,0.346,7,7,0,0,0,0,1,World Cup,2018,6,Entrenamiento,Regresion Logistica
2018-06-28,Senegal,Colombia,FIFA World Cup,0.0,1.0,Derrota,Derrota,1,0.4539,0.2529,0.2932,8,8,0,0,1,1,1,World Cup,2018,6,Entrenamiento,Regresion Logistica
2018-06-28,Panama,Tunisia,FIFA World Cup,1.0,2.0,Derrota,Derrota,1,0.466,0.1693,0.3647,4,2,2,0,0,0,1,World Cup,2018,6,Entrenamiento,Regresion Logistica
2018-06-28,England,Belgium,FIFA World Cup,0.0,1.0,Derrota,Victoria,0,0.3721,0.2424,0.3855,13,13,0,1,0,0,1,World Cup,2018,6,Entrenamiento,Regresion Logistica
2018-06-30,France,Argentina,FIFA World Cup,4.0,3.0,Victoria,Victoria,1,0.2815,0.2048,0.5138,11,7,4,0,0,0,1,World Cup,2018,6,Entrenamiento,Regresion Logistica
2018-06-30,Uruguay,Portugal,FIFA World Cup,2.0,1.0,Victoria,Victoria,1,0.2631,0.245,0.4918,15,9,6,0,0,0,1,World Cup,2018,6,Entrenamiento,Regresion Logistica
2018-07-01,Russia,Spain,FIFA World Cup,1.0,1.0,Empate,Victoria,0,0.3171,0.2114,0.4715,7,9,-2,0,1,0,0,World Cup,2018,7,Entrenamiento,Regresion Logistica
2018-07-01,Croatia,Denmark,FIFA World Cup,1.0,1.0,Empate,Victoria,0,0.3487,0.2506,0.4007,12,9,3,0,0,0,1,World Cup,2018,7,Entrenamiento,Regresion Logistica
2018-07-02,Brazil,Mexico,FIFA World Cup,2.0,0.0,Victoria,Victoria,1,0.114,0.2338,0.6522,13,9,4,3,1,1,1,World Cup,2018,7,Entrenamiento,Regresion Logistica
2018-07-02,Belgium,Japan,FIFA World Cup,3.0,2.0,Victoria,Victoria,1,0.2047,0.2016,0.5937,15,7,8,1,0,1,1,World Cup,2018,7,Entrenamiento,Regresion Logistica
2018-07-03,Sweden,Switzerland,FIFA World Cup,1.0,0.0,Victoria,Victoria,1,0.3762,0.2302,0.3936,8,9,-1,0,0,0,1,World Cup,2018,7,Entrenamiento,Regresion Logistica
2018-07-03,Colombia,England,FIFA World Cup,1.0,1.0,Empate,Derrota,0,0.4704,0.2348,0.2947,8,12,-4,0,0,0,1,World Cup,2018,7,Entrenamiento,Regresion Logistica
2018-07-06,Uruguay,France,FIFA World Cup,0.0,2.0,Derrota,Victoria,0,0.1929,0.2888,0.5183,15,11,4,1,2,0,1,World Cup,2018,7,Entrenamiento,Regresion Logistica
2018-07-06,Brazil,Belgium,FIFA World Cup,1.0,2.0,Derrota,Derrota,1,0.419,0.2452,0.3358,13,15,-2,0,0,0,1,World Cup,2018,7,Entrenamiento,Regresion Logistica
2018-07-07,Sweden,England,FIFA World Cup,0.0,2.0,Derrota,Derrota,1,0.4329,0.2694,0.2976,10,10,0,1,0,2,1,World Cup,2018,7,Entrenamiento,Regresion Logistica
2018-07-07,Russia,Croatia,FIFA World Cup,2.0,2.0,Empate,Derrota,0,0.4406,0.2256,0.3338,8,13,-5,0,0,1,0,World Cup,2018,7,Entrenamiento,Regresion Logistica
2018-07-10,France,Belgium,FIFA World Cup,1.0,0.0,Victoria,Derrota,0,0.473,0.2923,0.2347,13,15,-2,0,2,1,1,World Cup,2018,7,Entrenamiento,Regresion Logistica
2018-07-11,Croatia,England,FIFA World Cup,2.0,1.0,Victoria,Derrota,0,0.4171,0.2267,0.3562,11,10,1,0,0,0,1,World Cup,2018,7,Entrenamiento,Regresion Logistica
2018-07-14,Belgium,England,FIFA World Cup,2.0,0.0,Victoria,Victoria,1,0.3766,0.2312,0.3921,12,7,5,1,0,1,1,World Cup,2018,7,Entrenamiento,Regresion Logistica
2018-07-15,France,Croatia,FIFA World Cup,4.0,2.0,Victoria,Victoria,1,0.3605,0.2672,0.3723,13,11,2,0,1,0,1,World Cup,2018,7,Entrenamiento,Regresion Logistica
2022-11-20,Qatar,Ecuador,FIFA World Cup,0.0,2.0,Derrota,Victoria,0,0.1668,0.2202,0.6129,13,7,6,1,0,0,0,World Cup,2022,11,Entrenamiento,Regresion Logistica
2022-11-21,Senegal,Netherlands,FIFA World Cup,0.0,2.0,Derrota,Derrota,1,0.5156,0.1993,0.2851,6,13,-7,0,0,0,1,World Cup,2022,11,Entrenamiento,Regresion Logistica
2022-11-21,England,Iran,FIFA World Cup,6.0,2.0,Victoria,Derrota,0,0.5202,0.1891,0.2908,3,7,-4,0,0,0,1,World Cup,2022,11,Entrenamiento,Regresion Logistica
2022-11-21,United States,Wales,FIFA World Cup,1.0,1.0,Empate,Victoria,0,0.2871,0.1948,0.5181,6,1,5,0,1,0,1,World Cup,2022,11,Entrenamiento,Regresion Logistica
2022-11-22,Argentina,Saudi Arabia,FIFA World Cup,1.0,2.0,Derrota,Victoria,0,0.1625,0.1989,0.6386,15,6,9,0,1,0,1,World Cup,2022,11,Entrenamiento,Regresion Logistica
2022-11-22,Mexico,Poland,FIFA World Cup,0.0,0.0,Empate,Victoria,0,0.3066,0.2241,0.4693,6,7,-1,1,1,0,1,World Cup,2022,11,Entrenamiento,Regresion Logistica
2022-11-22,Denmark,Tunisia,FIFA World Cup,0.0,0.0,Empate,Derrota,0,0.4328,0.219,0.3482,9,12,-3,0,0,0,1,World Cup,2022,11,Entrenamiento,Regresion Logistica
2022-11-22,France,Australia,FIFA World Cup,4.0,1.0,Victoria,Victoria,1,0.3614,0.2535,0.385,5,13,-8,2,0,0,1,World Cup,2022,11,Entrenamiento,Regresion Logistica
2022-11-23,Spain,Costa Rica,FIFA World Cup,7.0,0.0,Victoria,Victoria,1,0.2411,0.2801,0.4788,12,13,-1,2,1,0,1,World Cup,2022,11,Entrenamiento,Regresion Logistica
2022-11-23,Germany,Japan,FIFA World Cup,1.0,2.0,Derrota,Derrota,1,0.454,0.2079,0.338,8,8,0,0,0,0,1,World Cup,2022,11,Entrenamiento,Regresion Logistica
2022-11-23,Belgium,Canada,FIFA World Cup,1.0,0.0,Victoria,Derrota,0,0.4198,0.2059,0.3744,7,7,0,0,0,0,1,World Cup,2022,11,Entrenamiento,Regresion Logistica
2022-11-23,Morocco,Croatia,FIFA World Cup,0.0,0.0,Empate,Victoria,0,0.3476,0.2635,0.3889,13,15,-2,0,0,0,1,World Cup,2022,11,Entrenamiento,Regresion Logistica
2022-11-24,Switzerland,Cameroon,FIFA World Cup,1.0,0.0,Victoria,Victoria,1,0.3465,0.221,0.4325,9,5,4,0,0,0,1,World Cup,2022,11,Entrenamiento,Regresion Logistica
2022-11-24,Brazil,Serbia,FIFA World Cup,2.0,0.0,Victoria,Victoria,1,0.2033,0.2085,0.5883,15,13,2,2,0,0,1,World Cup,2022,11,Entrenamiento,Regresion Logistica
2022-11-24,Uruguay,South Korea,FIFA World Cup,0.0,0.0,Empate,Victoria,0,0.2097,0.2282,0.5621,10,10,0,2,0,1,1,World Cup,2022,11,Entrenamiento,Regresion Logistica
2022-11-24,Portugal,Ghana,FIFA World Cup,3.0,2.0,Victoria,Victoria,1,0.1916,0.1909,0.6175,9,7,2,1,0,0,1,World Cup,2022,11,Entrenamiento,Regresion Logistica
2022-11-25,Qatar,Senegal,FIFA World Cup,1.0,3.0,Derrota,Victoria,0,0.2216,0.1865,0.5919,12,5,7,0,0,0,0,World Cup,2022,11,Entrenamiento,Regresion Logistica
2022-11-25,Netherlands,Ecuador,FIFA World Cup,1.0,1.0,Empate,Victoria,0,0.3229,0.2727,0.4043,13,9,4,0,1,0,1,World Cup,2022,11,Entrenamiento,Regresion Logistica
2022-11-25,Wales,Iran,FIFA World Cup,0.0,2.0,Derrota,Derrota,1,0.4458,0.1802,0.374,2,7,-5,0,0,0,1,World Cup,2022,11,Entrenamiento,Regresion Logistica
2022-11-25,England,United States,FIFA World Cup,0.0,0.0,Empate,Derrota,0,0.4411,0.2063,0.3526,5,6,-1,1,1,0,1,World Cup,2022,11,Entrenamiento,Regresion Logistica
2022-11-26,Tunisia,Australia,FIFA World Cup,0.0,1.0,Derrota,Victoria,0,0.3765,0.2299,0.3936,10,10,0,0,0,0,1,World Cup,2022,11,Entrenamiento,Regresion Logistica
2022-11-26,France,Denmark,FIFA World Cup,2.0,1.0,Victoria,Victoria,1,0.3575,0.2769,0.3656,7,7,0,2,1,2,1,World Cup,2022,11,Entrenamiento,Regresion Logistica
2022-11-26,Poland,Saudi Arabia,FIFA World Cup,2.0,0.0,Victoria,Derrota,0,0.4057,0.2351,0.3592,7,8,-1,0,0,0,1,World Cup,2022,11,Entrenamiento,Regresion Logistica
2022-11-26,Argentina,Mexico,FIFA World Cup,2.0,0.0,Victoria,Victoria,1,0.076,0.163,0.7611,12,7,5,4,1,0,1,World Cup,2022,11,Entrenamiento,Regresion Logistica
2022-11-27,Japan,Costa Rica,FIFA World Cup,0.0,1.0,Derrota,Victoria,0,0.1691,0.1927,0.6382,10,10,0,2,0,0,1,World Cup,2022,11,Entrenamiento,Regresion Logistica
2022-11-27,Spain,Germany,FIFA World Cup,1.0,1.0,Empate,Victoria,0,0.1883,0.2392,0.5726,12,7,5,2,2,1,1,World Cup,2022,11,Entrenamiento,Regresion Logistica
2022-11-27,Belgium,Morocco,FIFA World Cup,0.0,2.0,Derrota,Derrota,1,0.4838,0.2391,0.2771,9,11,-2,0,0,0,1,World Cup,2022,11,Entrenamiento,Regresion Logistica
2022-11-27,Croatia,Canada,FIFA World Cup,4.0,1.0,Victoria,Victoria,1,0.2927,0.2276,0.4797,13,7,6,0,0,0,1,World Cup,2022,11,Entrenamiento,Regresion Logistica
2022-11-28,Cameroon,Serbia,FIFA World Cup,3.0,3.0,Empate,Derrota,0,0.6696,0.1682,0.1623,2,10,-8,0,0,1,1,World Cup,2022,11,Entrenamiento,Regresion Logistica
2022-11-28,Brazil,Switzerland,FIFA World Cup,1.0,0.0,Victoria,Victoria,1,0.2863,0.2537,0.46,15,12,3,0,1,1,1,World Cup,2022,11,Entrenamiento,Regresion Logistica
2022-11-28,South Korea,Ghana,FIFA World Cup,2.0,3.0,Derrota,Victoria,0,0.3605,0.2368,0.4027,8,7,1,1,0,1,1,World Cup,2022,11,Entrenamiento,Regresion Logistica
2022-11-28,Portugal,Uruguay,FIFA World Cup,2.0,0.0,Victoria,Derrota,0,0.4553,0.2227,0.322,9,8,1,0,0,1,1,World Cup,2022,11,Entrenamiento,Regresion Logistica
2022-11-29,Wales,England,FIFA World Cup,0.0,3.0,Derrota,Derrota,1,0.7234,0.1518,0.1248,1,5,-4,0,0,4,1,World Cup,2022,11,Entrenamiento,Regresion Logistica
2022-11-29,Iran,United States,FIFA World Cup,0.0,1.0,Derrota,Derrota,1,0.4356,0.1972,0.3672,7,4,3,0,0,0,1,World Cup,2022,11,Entrenamiento,Regresion Logistica
2022-11-29,Ecuador,Senegal,FIFA World Cup,1.0,2.0,Derrota,Derrota,1,0.3885,0.2247,0.3868,7,8,-1,0,0,0,1,World Cup,2022,11,Entrenamiento,Regresion Logistica
2022-11-29,Qatar,Netherlands,FIFA World Cup,0.0,2.0,Derrota,Derrota,1,0.4152,0.2259,0.3589,9,13,-4,0,0,0,0,World Cup,2022,11,Entrenamiento,Regresion Logistica
2022-11-30,Poland,Argentina,FIFA World Cup,0.0,2.0,Derrota,Derrota,1,0.4329,0.2585,0.3086,10,12,-2,1,0,0,1,World Cup,2022,11,Entrenamiento,Regresion Logistica
2022-11-30,Saudi Arabia,Mexico,FIFA World Cup,1.0,2.0,Derrota,Derrota,1,0.4059,0.2006,0.3935,7,4,3,0,0,0,1,World Cup,2022,11,Entrenamiento,Regresion Logistica
2022-11-30,Australia,Denmark,FIFA World Cup,1.0,0.0,Victoria,Victoria,1,0.3627,0.2714,0.3658,10,7,3,1,1,1,1,World Cup,2022,11,Entrenamiento,Regresion Logistica
2022-11-30,Tunisia,France,FIFA World Cup,1.0,0.0,Victoria,Derrota,0,0.4666,0.2357,0.2977,7,9,-2,0,1,0,1,World Cup,2022,11,Entrenamiento,Regresion Logistica
2022-12-01,Japan,Spain,FIFA World Cup,2.0,1.0,Victoria,Derrota,0,0.5342,0.2042,0.2616,7,10,-3,0,0,0,1,World Cup,2022,12,Entrenamiento,Regresion Logistica
2022-12-01,Costa Rica,Germany,FIFA World Cup,2.0,4.0,Derrota,Derrota,1,0.446,0.1951,0.3589,10,5,5,0,0,0,1,World Cup,2022,12,Entrenamiento,Regresion Logistica
2022-12-01,Croatia,Belgium,FIFA World Cup,0.0,0.0,Empate,Victoria,0,0.2759,0.2687,0.4554,13,6,7,1,1,2,1,World Cup,2022,12,Entrenamiento,Regresion Logistica
2022-12-01,Canada,Morocco,FIFA World Cup,1.0,2.0,Derrota,Derrota,1,0.6812,0.1787,0.1401,4,11,-7,0,0,1,1,World Cup,2022,12,Entrenamiento,Regresion Logistica
2022-12-02,Serbia,Switzerland,FIFA World Cup,2.0,3.0,Derrota,Victoria,0,0.3924,0.2065,0.4011,10,9,1,0,0,1,1,World Cup,2022,12,Entrenamiento,Regresion Logistica
2022-12-02,Cameroon,Brazil,FIFA World Cup,1.0,0.0,Victoria,Derrota,0,0.7348,0.1696,0.0956,3,15,-12,0,0,2,1,World Cup,2022,12,Entrenamiento,Regresion Logistica
2022-12-02,Ghana,Uruguay,FIFA World Cup,0.0,2.0,Derrota,Derrota,1,0.4711,0.2225,0.3064,9,7,2,0,1,0,1,World Cup,2022,12,Entrenamiento,Regresion Logistica
2022-12-02,South Korea,Portugal,FIFA World Cup,2.0,1.0,Victoria,Derrota,0,0.5435,0.2108,0.2456,8,12,-4,0,0,0,1,World Cup,2022,12,Entrenamiento,Regresion Logistica
2022-12-03,Netherlands,United States,FIFA World Cup,3.0,1.0,Victoria,Victoria,1,0.2242,0.242,0.5338,13,6,7,1,0,1,1,World Cup,2022,12,Entrenamiento,Regresion Logistica
2022-12-03,Argentina,Australia,FIFA World Cup,2.0,1.0,Victoria,Victoria,1,0.2928,0.2266,0.4807,12,12,0,0,0,0,1,World Cup,2022,12,Entrenamiento,Regresion Logistica
2022-12-04,France,Poland,FIFA World Cup,3.0,1.0,Victoria,Victoria,1,0.3213,0.235,0.4437,9,10,-1,1,0,0,1,World Cup,2022,12,Entrenamiento,Regresion Logistica
2022-12-04,England,Senegal,FIFA World Cup,3.0,0.0,Victoria,Derrota,0,0.4139,0.1964,0.3897,8,10,-2,0,0,0,1,World Cup,2022,12,Entrenamiento,Regresion Logistica
2022-12-05,Japan,Croatia,FIFA World Cup,1.0,1.0,Empate,Derrota,0,0.5034,0.2248,0.2719,7,11,-4,0,0,0,1,World Cup,2022,12,Entrenamiento,Regresion Logistica
2022-12-05,Brazil,South Korea,FIFA World Cup,4.0,1.0,Victoria,Victoria,1,0.1304,0.1998,0.6697,12,10,2,3,0,0,1,World Cup,2022,12,Entrenamiento,Regresion Logistica
2022-12-06,Morocco,Spain,FIFA World Cup,0.0,0.0,Empate,Derrota,0,0.4092,0.2514,0.3393,11,10,1,0,1,0,1,World Cup,2022,12,Entrenamiento,Regresion Logistica
2022-12-06,Portugal,Switzerland,FIFA World Cup,6.0,1.0,Victoria,Victoria,1,0.2334,0.2342,0.5324,9,9,0,3,0,2,1,World Cup,2022,12,Entrenamiento,Regresion Logistica
2022-12-09,Croatia,Brazil,FIFA World Cup,1.0,1.0,Empate,Derrota,0,0.5751,0.2325,0.1924,9,12,-3,0,0,2,1,World Cup,2022,12,Entrenamiento,Regresion Logistica
2022-12-09,Netherlands,Argentina,FIFA World Cup,2.0,2.0,Empate,Derrota,0,0.3934,0.2693,0.3374,13,12,1,0,1,0,1,World Cup,2022,12,Entrenamiento,Regresion Logistica
2022-12-10,Morocco,Portugal,FIFA World Cup,1.0,0.0,Victoria,Derrota,0,0.5098,0.2293,0.2609,11,12,-1,0,0,1,1,World Cup,2022,12,Entrenamiento,Regresion Logistica
2022-12-10,England,France,FIFA World Cup,1.0,2.0,Derrota,Victoria,0,0.3613,0.2457,0.393,11,9,2,1,1,2,1,World Cup,2022,12,Entrenamiento,Regresion Logistica
2022-12-13,Argentina,Croatia,FIFA World Cup,3.0,0.0,Victoria,Victoria,1,0.3701,0.2375,0.3924,10,7,3,1,0,1,1,World Cup,2022,12,Entrenamiento,Regresion Logistica
2022-12-14,France,Morocco,FIFA World Cup,2.0,0.0,Victoria,Victoria,1,0.377,0.2365,0.3865,12,11,1,0,0,0,1,World Cup,2022,12,Entrenamiento,Regresion Logistica
2022-12-17,Croatia,Morocco,FIFA World Cup,2.0,1.0,Victoria,Derrota,0,0.4573,0.2355,0.3072,6,10,-4,0,1,0,1,World Cup,2022,12,Entrenamiento,Regresion Logistica
2022-12-18,Argentina,France,FIFA World Cup,3.0,3.0,Empate,Derrota,0,0.4132,0.2426,0.3441,13,12,1,0,0,1,1,World Cup,2022,12,Entrenamiento,Regresion Logistica
2026-06-11,Mexico,South Africa,FIFA World Cup,2.0,0.0,Victoria,Victoria,1,0.1962,0.1929,0.6109,11,5,6,0,1,0,0,World Cup,2026,6,Prueba,Regresion Logistica
2026-06-11,South Korea,Czech Republic,FIFA World Cup,2.0,1.0,Victoria,Derrota,0,0.4739,0.2061,0.32,9,11,-2,1,0,0,1,World Cup,2026,6,Prueba,Regresion Logistica
2026-06-12,Canada,Bosnia and Herzegovina,FIFA World Cup,1.0,1.0,Empate,Victoria,0,0.2602,0.1915,0.5483,9,5,4,0,0,0,0,World Cup,2026,6,Prueba,Regresion Logistica
2026-06-12,United States,Paraguay,FIFA World Cup,4.0,1.0,Victoria,Victoria,1,0.2834,0.1868,0.5299,6,9,-3,3,0,1,0,World Cup,2026,6,Prueba,Regresion Logistica
2026-06-13,Qatar,Switzerland,FIFA World Cup,1.0,1.0,Empate,Derrota,0,0.464,0.1871,0.3489,2,6,-4,1,0,0,1,World Cup,2026,6,Prueba,Regresion Logistica
2026-06-13,Brazil,Morocco,FIFA World Cup,1.0,1.0,Empate,Derrota,0,0.5814,0.1859,0.2327,10,11,-1,0,0,1,1,World Cup,2026,6,Prueba,Regresion Logistica
2026-06-13,Haiti,Scotland,FIFA World Cup,0.0,1.0,Derrota,Derrota,1,0.4892,0.1888,0.322,7,9,-2,0,0,0,1,World Cup,2026,6,Prueba,Regresion Logistica
2026-06-13,Australia,Turkey,FIFA World Cup,2.0,0.0,Victoria,Derrota,0,0.549,0.1949,0.2562,7,13,-6,0,0,0,1,World Cup,2026,6,Prueba,Regresion Logistica
2026-06-14,Germany,Curaçao,FIFA World Cup,7.0,1.0,Victoria,Victoria,1,0.1827,0.1447,0.6726,15,4,11,0,0,0,1,World Cup,2026,6,Prueba,Regresion Logistica
2026-06-14,Ivory Coast,Ecuador,FIFA World Cup,1.0,0.0,Victoria,Victoria,1,0.3909,0.2168,0.3923,12,11,1,0,0,0,1,World Cup,2026,6,Prueba,Regresion Logistica
2026-06-14,Netherlands,Japan,FIFA World Cup,2.0,2.0,Empate,Derrota,0,0.3749,0.2715,0.3536,10,15,-5,1,1,0,1,World Cup,2026,6,Prueba,Regresion Logistica
2026-06-14,Sweden,Tunisia,FIFA World Cup,5.0,1.0,Victoria,Victoria,1,0.3504,0.1747,0.4749,8,5,3,0,0,0,1,World Cup,2026,6,Prueba,Regresion Logistica
2026-06-15,Belgium,Egypt,FIFA World Cup,1.0,1.0,Empate,Victoria,0,0.246,0.2022,0.5517,13,8,5,1,0,1,1,World Cup,2026,6,Prueba,Regresion Logistica
2026-06-15,Iran,New Zealand,FIFA World Cup,2.0,2.0,Empate,Victoria,0,0.2198,0.159,0.6212,10,3,7,0,0,0,1,World Cup,2026,6,Prueba,Regresion Logistica
2026-06-15,Spain,Cape Verde,FIFA World Cup,0.0,0.0,Empate,Victoria,0,0.3087,0.1815,0.5098,9,5,4,0,0,0,1,World Cup,2026,6,Prueba,Regresion Logistica
2026-06-15,Saudi Arabia,Uruguay,FIFA World Cup,1.0,1.0,Empate,Derrota,0,0.4994,0.2003,0.3003,4,6,-2,0,1,1,1,World Cup,2026,6,Prueba,Regresion Logistica
2026-06-16,France,Senegal,FIFA World Cup,3.0,1.0,Victoria,Victoria,1,0.3353,0.1855,0.4793,12,7,5,0,0,0,1,World Cup,2026,6,Prueba,Regresion Logistica
2026-06-16,Iraq,Norway,FIFA World Cup,1.0,4.0,Derrota,Derrota,1,0.4935,0.1984,0.3081,7,8,-1,0,0,0,1,World Cup,2026,6,Prueba,Regresion Logistica
2026-06-16,Argentina,Algeria,FIFA World Cup,3.0,0.0,Victoria,Victoria,1,0.3554,0.2259,0.4187,15,10,5,0,0,0,1,World Cup,2026,6,Prueba,Regresion Logistica
2026-06-16,Austria,Jordan,FIFA World Cup,3.0,1.0,Victoria,Victoria,1,0.1993,0.1541,0.6466,13,2,11,0,0,0,1,World Cup,2026,6,Prueba,Regresion Logistica
2026-06-17,Portugal,DR Congo,FIFA World Cup,1.0,1.0,Empate,Victoria,0,0.2545,0.1993,0.5463,13,7,6,0,0,0,1,World Cup,2026,6,Prueba,Regresion Logistica
2026-06-17,Uzbekistan,Colombia,FIFA World Cup,1.0,3.0,Derrota,Derrota,1,0.5259,0.1838,0.2902,5,9,-4,0,0,0,1,World Cup,2026,6,Prueba,Regresion Logistica
2026-06-17,England,Croatia,FIFA World Cup,4.0,2.0,Victoria,Victoria,1,0.2246,0.2353,0.54,10,9,1,2,1,1,1,World Cup,2026,6,Prueba,Regresion Logistica
2026-06-17,Ghana,Panama,FIFA World Cup,1.0,0.0,Victoria,Derrota,0,0.6097,0.1443,0.246,1,8,-7,0,0,0,1,World Cup,2026,6,Prueba,Regresion Logistica
2026-06-18,Czech Republic,South Africa,FIFA World Cup,1.0,1.0,Empate,Victoria,0,0.3699,0.1762,0.4539,8,5,3,0,0,0,1,World Cup,2026,6,Prueba,Regresion Logistica
2026-06-18,Mexico,South Korea,FIFA World Cup,1.0,0.0,Victoria,Victoria,1,0.0837,0.1647,0.7516,13,9,4,3,1,0,0,World Cup,2026,6,Prueba,Regresion Logistica
2026-06-18,Switzerland,Bosnia and Herzegovina,FIFA World Cup,4.0,1.0,Victoria,Derrota,0,0.4705,0.1958,0.3337,6,5,1,0,0,1,1,World Cup,2026,6,Prueba,Regresion Logistica
2026-06-18,Canada,Qatar,FIFA World Cup,6.0,0.0,Victoria,Victoria,1,0.1826,0.1628,0.6545,7,3,4,1,0,0,0,World Cup,2026,6,Prueba,Regresion Logistica
2026-06-19,Scotland,Morocco,FIFA World Cup,0.0,1.0,Derrota,Derrota,1,0.481,0.207,0.3119,9,11,-2,0,0,0,1,World Cup,2026,6,Prueba,Regresion Logistica
2026-06-19,Brazil,Haiti,FIFA World Cup,3.0,0.0,Victoria,Victoria,1,0.2917,0.1811,0.5273,10,4,6,1,0,0,1,World Cup,2026,6,Prueba,Regresion Logistica
2026-06-19,United States,Australia,FIFA World Cup,2.0,0.0,Victoria,Victoria,1,0.3439,0.1924,0.4637,6,10,-4,2,0,0,0,World Cup,2026,6,Prueba,Regresion Logistica
2026-06-19,Turkey,Paraguay,FIFA World Cup,0.0,1.0,Derrota,Victoria,0,0.3392,0.2083,0.4525,12,9,3,0,0,0,1,World Cup,2026,6,Prueba,Regresion Logistica
2026-06-20,Germany,Ivory Coast,FIFA World Cup,2.0,1.0,Victoria,Victoria,1,0.3459,0.1979,0.4562,15,12,3,0,0,0,1,World Cup,2026,6,Prueba,Regresion Logistica
2026-06-20,Ecuador,Curaçao,FIFA World Cup,0.0,0.0,Empate,Victoria,0,0.2257,0.1402,0.6341,8,3,5,0,0,0,1,World Cup,2026,6,Prueba,Regresion Logistica
2026-06-20,Netherlands,Sweden,FIFA World Cup,5.0,1.0,Victoria,Victoria,1,0.3824,0.2265,0.3911,8,10,-2,2,1,1,1,World Cup,2026,6,Prueba,Regresion Logistica
2026-06-20,Tunisia,Japan,FIFA World Cup,0.0,4.0,Derrota,Derrota,1,0.6389,0.1945,0.1666,4,13,-9,1,0,1,1,World Cup,2026,6,Prueba,Regresion Logistica
2026-06-21,Belgium,Iran,FIFA World Cup,0.0,0.0,Empate,Derrota,0,0.4214,0.1922,0.3864,11,10,1,0,0,0,1,World Cup,2026,6,Prueba,Regresion Logistica
2026-06-21,New Zealand,Egypt,FIFA World Cup,1.0,3.0,Derrota,Derrota,1,0.64,0.1719,0.1881,4,8,-4,0,0,1,1,World Cup,2026,6,Prueba,Regresion Logistica
2026-06-21,Spain,Saudi Arabia,FIFA World Cup,4.0,0.0,Victoria,Victoria,1,0.1945,0.1948,0.6107,9,5,4,2,0,0,1,World Cup,2026,6,Prueba,Regresion Logistica
2026-06-21,Uruguay,Cape Verde,FIFA World Cup,2.0,2.0,Empate,Derrota,0,0.4608,0.1832,0.356,4,5,-1,0,0,0,1,World Cup,2026,6,Prueba,Regresion Logistica
2026-06-22,France,Iraq,FIFA World Cup,3.0,0.0,Victoria,Victoria,1,0.2938,0.1835,0.5227,12,7,5,0,0,0,1,World Cup,2026,6,Prueba,Regresion Logistica
2026-06-22,Norway,Senegal,FIFA World Cup,3.0,2.0,Victoria,Victoria,1,0.3873,0.1849,0.4278,8,7,1,0,0,0,1,World Cup,2026,6,Prueba,Regresion Logistica
2026-06-22,Argentina,Austria,FIFA World Cup,2.0,0.0,Victoria,Victoria,1,0.3276,0.2263,0.4461,15,13,2,0,0,0,1,World Cup,2026,6,Prueba,Regresion Logistica
2026-06-22,Jordan,Algeria,FIFA World Cup,1.0,2.0,Derrota,Derrota,1,0.7303,0.136,0.1337,2,10,-8,0,0,0,1,World Cup,2026,6,Prueba,Regresion Logistica
2026-06-23,Colombia,DR Congo,FIFA World Cup,1.0,0.0,Victoria,Derrota,0,0.4287,0.202,0.3693,9,8,1,0,0,0,1,World Cup,2026,6,Prueba,Regresion Logistica
2026-06-23,Portugal,Uzbekistan,FIFA World Cup,5.0,0.0,Victoria,Victoria,1,0.2776,0.1876,0.5348,11,4,7,0,0,0,1,World Cup,2026,6,Prueba,Regresion Logistica
2026-06-23,Panama,Croatia,FIFA World Cup,0.0,1.0,Derrota,Derrota,1,0.4361,0.1627,0.4012,7,6,1,0,0,0,1,World Cup,2026,6,Prueba,Regresion Logistica
2026-06-23,England,Ghana,FIFA World Cup,0.0,0.0,Empate,Victoria,0,0.2518,0.1907,0.5575,10,4,6,0,1,0,1,World Cup,2026,6,Prueba,Regresion Logistica
2026-06-24,Mexico,Czech Republic,FIFA World Cup,3.0,0.0,Victoria,Victoria,1,0.2112,0.1849,0.6039,15,8,7,0,0,0,0,World Cup,2026,6,Prueba,Regresion Logistica
2026-06-24,South Africa,South Korea,FIFA World Cup,1.0,0.0,Victoria,Derrota,0,0.5258,0.2002,0.274,5,9,-4,0,0,0,1,World Cup,2026,6,Prueba,Regresion Logistica
2026-06-24,Canada,Switzerland,FIFA World Cup,1.0,2.0,Derrota,Victoria,0,0.3103,0.1887,0.501,9,9,0,0,0,0,0,World Cup,2026,6,Prueba,Regresion Logistica
2026-06-24,Bosnia and Herzegovina,Qatar,FIFA World Cup,3.0,1.0,Victoria,Victoria,1,0.3343,0.1804,0.4853,4,2,2,0,1,0,1,World Cup,2026,6,Prueba,Regresion Logistica
2026-06-24,Scotland,Brazil,FIFA World Cup,0.0,3.0,Derrota,Derrota,1,0.5437,0.2076,0.2488,9,13,-4,0,0,1,1,World Cup,2026,6,Prueba,Regresion Logistica
2026-06-24,Morocco,Haiti,FIFA World Cup,4.0,2.0,Victoria,Victoria,1,0.2491,0.1783,0.5726,11,4,7,0,0,0,1,World Cup,2026,6,Prueba,Regresion Logistica
2026-06-25,United States,Turkey,FIFA World Cup,2.0,3.0,Derrota,Victoria,0,0.2451,0.1994,0.5555,9,9,0,2,0,1,0,World Cup,2026,6,Prueba,Regresion Logistica
2026-06-25,Paraguay,Australia,FIFA World Cup,0.0,0.0,Empate,Derrota,0,0.4896,0.2054,0.305,9,7,2,0,0,1,1,World Cup,2026,6,Prueba,Regresion Logistica
2026-06-25,Curaçao,Ivory Coast,FIFA World Cup,0.0,2.0,Derrota,Derrota,1,0.7253,0.1381,0.1366,4,12,-8,0,0,0,1,World Cup,2026,6,Prueba,Regresion Logistica
2026-06-25,Ecuador,Germany,FIFA World Cup,2.0,1.0,Victoria,Derrota,0,0.6308,0.1953,0.1739,8,15,-7,0,0,1,1,World Cup,2026,6,Prueba,Regresion Logistica
2026-06-25,Japan,Sweden,FIFA World Cup,1.0,1.0,Empate,Victoria,0,0.2741,0.1743,0.5517,13,7,6,0,0,0,1,World Cup,2026,6,Prueba,Regresion Logistica
2026-06-25,Tunisia,Netherlands,FIFA World Cup,1.0,3.0,Derrota,Derrota,1,0.7359,0.1293,0.1348,1,8,-7,0,0,0,1,World Cup,2026,6,Prueba,Regresion Logistica
2026-06-26,Egypt,Iran,FIFA World Cup,1.0,1.0,Empate,Derrota,0,0.5308,0.2047,0.2644,8,11,-3,0,0,0,1,World Cup,2026,6,Prueba,Regresion Logistica
2026-06-26,Cape Verde,Saudi Arabia,FIFA World Cup,0.0,0.0,Empate,Derrota,0,0.4104,0.1818,0.4077,6,5,1,0,0,0,1,World Cup,2026,6,Prueba,Regresion Logistica
2026-06-26,New Zealand,Belgium,FIFA World Cup,1.0,5.0,Derrota,Derrota,1,0.6428,0.1649,0.1923,4,9,-5,0,0,0,1,World Cup,2026,6,Prueba,Regresion Logistica
2026-06-26,Norway,France,FIFA World Cup,1.0,4.0,Derrota,Derrota,1,0.4334,0.2219,0.3447,11,12,-1,1,0,1,1,World Cup,2026,6,Prueba,Regresion Logistica
2026-06-26,Uruguay,Spain,FIFA World Cup,0.0,1.0,Derrota,Derrota,1,0.6945,0.1676,0.1378,4,9,-5,0,0,2,1,World Cup,2026,6,Prueba,Regresion Logistica
2026-06-26,Senegal,Iraq,FIFA World Cup,5.0,0.0,Victoria,Victoria,1,0.3953,0.1596,0.4452,4,4,0,0,0,0,1,World Cup,2026,6,Prueba,Regresion Logistica
2026-06-27,Algeria,Austria,FIFA World Cup,3.0,3.0,Empate,Derrota,0,0.4665,0.219,0.3144,10,12,-2,0,0,0,1,World Cup,2026,6,Prueba,Regresion Logistica
2026-06-27,Jordan,Argentina,FIFA World Cup,1.0,3.0,Derrota,Derrota,1,0.8021,0.1206,0.0773,1,15,-14,0,0,0,1,World Cup,2026,6,Prueba,Regresion Logistica
2026-06-27,Colombia,Portugal,FIFA World Cup,0.0,0.0,Empate,Derrota,0,0.4844,0.2126,0.303,12,13,-1,0,0,0,1,World Cup,2026,6,Prueba,Regresion Logistica
2026-06-27,DR Congo,Uzbekistan,FIFA World Cup,3.0,1.0,Victoria,Victoria,1,0.2827,0.1611,0.5562,5,1,4,0,0,0,1,World Cup,2026,6,Prueba,Regresion Logistica
2026-06-27,Panama,England,FIFA World Cup,0.0,2.0,Derrota,Derrota,1,0.6659,0.1651,0.1691,4,10,-6,0,0,1,1,World Cup,2026,6,Prueba,Regresion Logistica
2026-06-27,Croatia,Ghana,FIFA World Cup,2.0,1.0,Victoria,Derrota,0,0.4836,0.1831,0.3333,6,5,1,0,0,0,1,World Cup,2026,6,Prueba,Regresion Logistica
2026-06-28,South Africa,Canada,FIFA World Cup,0.0,1.0,Derrota,Derrota,1,0.489,0.2147,0.2963,8,8,0,0,0,0,1,World Cup,2026,6,Prueba,Regresion Logistica
2026-06-29,Brazil,Japan,FIFA World Cup,2.0,1.0,Victoria,Victoria,1,0.1106,0.1971,0.6922,13,11,2,5,0,1,1,World Cup,2026,6,Prueba,Regresion Logistica
2026-06-29,Germany,Paraguay,FIFA World Cup,1.0,1.0,Empate,Victoria,0,0.2909,0.1962,0.5129,12,7,5,0,1,0,1,World Cup,2026,6,Prueba,Regresion Logistica
2026-06-29,Netherlands,Morocco,FIFA World Cup,1.0,1.0,Empate,Victoria,0,0.3784,0.2058,0.4158,10,11,-1,1,0,0,1,World Cup,2026,6,Prueba,Regresion Logistica
2026-06-30,France,Sweden,FIFA World Cup,3.0,0.0,Victoria,Victoria,1,0.1279,0.1593,0.7127,12,5,7,4,0,2,1,World Cup,2026,6,Prueba,Regresion Logistica
2026-06-30,Mexico,Ecuador,FIFA World Cup,2.0,0.0,Victoria,Victoria,1,0.1802,0.3879,0.4319,15,10,5,2,5,3,0,World Cup,2026,6,Prueba,Regresion Logistica
2026-06-30,Ivory Coast,Norway,FIFA World Cup,1.0,2.0,Derrota,Victoria,0,0.3787,0.2038,0.4175,12,10,2,0,0,0,1,World Cup,2026,6,Prueba,Regresion Logistica
2026-07-01,England,DR Congo,FIFA World Cup,2.0,1.0,Victoria,Victoria,1,0.2695,0.2043,0.5262,13,5,8,0,0,0,1,World Cup,2026,7,Prueba,Regresion Logistica
2026-07-01,Belgium,Senegal,FIFA World Cup,3.0,2.0,Victoria,Victoria,1,0.2774,0.1659,0.5567,11,4,7,0,0,0,1,World Cup,2026,7,Prueba,Regresion Logistica
2026-07-01,United States,Bosnia and Herzegovina,FIFA World Cup,2.0,0.0,Victoria,Victoria,1,0.1549,0.1692,0.6759,9,6,3,2,1,0,0,World Cup,2026,7,Prueba,Regresion Logistica
2026-07-02,Spain,Austria,FIFA World Cup,3.0,0.0,Victoria,Victoria,1,0.3243,0.2156,0.4601,11,10,1,0,0,0,1,World Cup,2026,7,Prueba,Regresion Logistica
2026-07-02,Portugal,Croatia,FIFA World Cup,2.0,1.0,Victoria,Victoria,1,0.0796,0.209,0.7114,11,9,2,5,2,1,1,World Cup,2026,7,Prueba,Regresion Logistica
2026-07-02,Switzerland,Algeria,FIFA World Cup,2.0,0.0,Victoria,Victoria,1,0.368,0.198,0.434,11,10,1,0,0,0,1,World Cup,2026,7,Prueba,Regresion Logistica
2026-07-03,Australia,Egypt,FIFA World Cup,1.0,1.0,Empate,Derrota,0,0.5331,0.2044,0.2626,5,8,-3,0,0,1,1,World Cup,2026,7,Prueba,Regresion Logistica
2026-07-03,Argentina,Cape Verde,FIFA World Cup,3.0,2.0,Victoria,Victoria,1,0.2242,0.1985,0.5773,15,6,9,0,0,0,1,World Cup,2026,7,Prueba,Regresion Logistica
2026-07-03,Colombia,Ghana,FIFA World Cup,1.0,0.0,Victoria,Victoria,1,0.2531,0.2055,0.5415,13,5,8,0,0,0,1,World Cup,2026,7,Prueba,Regresion Logistica
2026-07-04,Canada,Morocco,FIFA World Cup,0.0,3.0,Derrota,Derrota,1,0.5155,0.2055,0.279,8,9,-1,0,0,2,1,World Cup,2026,7,Prueba,Regresion Logistica
2026-07-04,Paraguay,France,FIFA World Cup,0.0,1.0,Derrota,Derrota,1,0.6325,0.2097,0.1578,8,15,-7,0,1,1,1,World Cup,2026,7,Prueba,Regresion Logistica
2026-07-05,Brazil,Norway,FIFA World Cup,1.0,2.0,Derrota,Victoria,0,0.3263,0.1939,0.4798,13,10,3,0,0,0,1,World Cup,2026,7,Prueba,Regresion Logistica
2026-07-05,Mexico,England,FIFA World Cup,2.0,3.0,Derrota,Victoria,0,0.3004,0.231,0.4687,15,13,2,0,0,1,0,World Cup,2026,7,Prueba,Regresion Logistica
2026-07-06,Portugal,Spain,FIFA World Cup,0.0,1.0,Derrota,Empate,0,0.3892,0.4047,0.2061,11,13,-2,1,6,2,1,World Cup,2026,7,Prueba,Regresion Logistica
2026-07-06,United States,Belgium,FIFA World Cup,1.0,4.0,Derrota,Derrota,1,0.6358,0.1943,0.1699,9,11,-2,0,0,4,0,World Cup,2026,7,Prueba,Regresion Logistica
2026-07-07,Argentina,Egypt,FIFA World Cup,3.0,2.0,Victoria,Victoria,1,0.2596,0.192,0.5484,15,6,9,0,0,0,1,World Cup,2026,7,Prueba,Regresion Logistica
2026-07-07,Switzerland,Colombia,FIFA World Cup,0.0,0.0,Empate,Derrota,0,0.4093,0.2354,0.3553,11,13,-2,0,0,0,1,World Cup,2026,7,Prueba,Regresion Logistica
2026-07-09,France,Morocco,FIFA World Cup,2.0,0.0,Victoria,Victoria,1,0.2457,0.2137,0.5406,15,11,4,1,0,0,1,World Cup,2026,7,Prueba,Regresion Logistica
2026-07-10,Spain,Belgium,FIFA World Cup,2.0,1.0,Victoria,Victoria,1,0.2847,0.2322,0.4832,13,11,2,1,0,0,1,World Cup,2026,7,Prueba,Regresion Logistica
